role,project_title,difficulty,skills_covered,description,deliverables
AI/ML Engineer,Deep Learning Image Classifier,Intermediate,"Python;PyTorch;Deep Learning;Computer Vision","Build a Convolutional Neural Network (ResNet/Custom CNN) trained on CIFAR-10 or medical scans to classify visual images with Grad-CAM visualization.","PyTorch training pipeline + interactive inference script"
AI/ML Engineer,NLP Sentiment Analysis & Semantic Search,Intermediate,"Python;NLP;Scikit-learn;PyTorch","Develop a Transformer-based or TF-IDF + LSTM sentiment analyzer and document semantic search system using cosine similarity over embeddings.","Trained NLP model + evaluation report + live API"
AI/ML Engineer,End-to-End MLOps Model Deployment Pipeline,Advanced,"Python;Scikit-learn;Model Deployment;MLOps;Docker","Package a trained scikit-learn/PyTorch pipeline inside FastAPI and Docker with continuous monitoring and automated drift detection.","Dockerized REST API + Swagger documentation + Dockerfile"
Data Scientist,Customer Churn Prediction & Survival Analysis,Intermediate,"Python;Pandas;NumPy;Scikit-learn;Statistics;Probability","Conduct exploratory data analysis, hypothesis testing, feature importance analysis using SHAP, and train Random Forest/XGBoost for customer retention.","Jupyter Notebook with EDA + model comparison + executive summary"
Data Scientist,Sales Demand Forecasting System,Intermediate,"Python;Pandas;NumPy;Statistics;Machine Learning","Forecast retail inventory demand using time series decomposition (ARIMA/Prophet) and regression ensemble trees.","Forecast evaluation dashboard + error metrics (RMSE/MAPE)"
Data Analyst,Interactive Business Intelligence Sales KPI Dashboard,Beginner,"Excel;SQL;Power BI;Data Visualization","Extract transaction data using complex SQL queries (JOINs, Window functions), clean dirty rows, and design executive Power BI dashboards.","Interactive Power BI dashboard (.pbix) + SQL scripts"
Data Analyst,Healthcare Patient Admission Trends & Cost Analysis,Intermediate,"SQL;Python;Pandas;Data Cleaning;Data Visualization","Wrangle hospital patient records, perform statistical correlation tests on wait times and readmission rates, and export findings to Tableau.","Analytical report + Seaborn visualization charts"
Software Developer,Scalable Microservices E-Commerce REST API,Intermediate,"Data Structures;OOP;REST API;SQL;Git;Docker","Design an e-commerce backend with authentication, product catalog, cart checkout, and relational PostgreSQL database schema.","RESTful OpenAPI spec + automated unit tests + Git repository"
Software Developer,Real-Time Collaborative Task Board,Intermediate,"JavaScript;OOP;REST API;Git;Data Structures","Build a full-stack Kanban task manager with optimistic UI updates, drag-and-drop state machines, and relational persistence.","Full-stack web application + database migration scripts"
Cybersecurity Analyst,Automated Network Intrusion & Port Scanner,Intermediate,"Python;Networking;Linux;Security Tools","Create a multi-threaded network scanner with TCP SYN/ACK handshake detection and banner grabbing to discover active host vulnerabilities.","Python CLI tool + vulnerability summary report"
Cybersecurity Analyst,SIEM Log Analysis & Threat Detection Lab,Advanced,"Linux;Threat Detection;SIEM;Security Tools;Cybersecurity Fundamentals","Deploy ELK/Splunk stack in virtual environment, ingest Apache/Syslog auth logs, and craft detection rules for Brute Force & SQL injection.","Detection rule set + alert dashboard screenshots"
Cloud Engineer,Automated Multi-Tier AWS Infrastructure via Terraform,Intermediate,"Linux;Networking;Cloud Fundamentals;AWS;Virtualization","Provision a high-availability VPC with public/private subnets, Application Load Balancer, and auto-scaling EC2 instances.","Terraform IaC scripts + architecture topology diagram"
Cloud Engineer,Containerized Microservices Cluster on Kubernetes,Advanced,"Linux;Docker;Kubernetes;CI/CD;Cloud Fundamentals","Dockerize a multi-tier web application, write Kubernetes Deployment/Service YAML manifests, and configure ingress routing and health checks.","K8s manifests + automated GitHub Actions CI/CD workflow"
